Latitude	Longitude
47.160929	-1.265138
47.93087	0.41343
47.342475	-0.319308
47.0110771	-1.0754761
47.3637478	-0.4739187
47.13022	-1.18927
48.3480764	0.0234863
47.3501084	-1.1990854
47.834486	-0.699506
47.1670196	-0.6604683
47.7933359	0.547606
47.8939423	0.18690857
47.330385	-1.1278459
47.5675972	-1.0228371
47.6208302	0.0759372
47.8481629	-0.8848727
47.7101369	0.0517127
47.670651	0.046475
47.7162991	-0.5356327
47.605904	-1.1708069
47.483299	-0.817573
47.14563	-1.114455
47.4733335	-0.9672031
47.2883084	-1.7908124
47.8156589	0.089568
47.957092	0.79836
47.900263	0.564783
47.8225234	-0.0817648
47.2327	-0.3351
47.2674341	-1.2161421
47.8818327	-0.3951606
47.17892	-1.28576
47.3435748	-0.2295914
48.185425	0.204684
48.482554	-0.2955043
47.42073	-0.37951
47.2384398	-1.351647
48.1344225	0.23759866
47.6032	-0.68047
47.153082	-0.7394494
47.00206	-0.85341
48.44044	-0.49168
47.5217624	-0.879452
47.19137	-0.27403
47.351303	-0.229514
47.220909	-0.062731
47.215187	0.060854
47.25603	-2.33685
47.245837	-0.03968
47.192134	0.049419
47.7237442	-1.3803218
47.5494	-1.1227
47.6950603	-0.0769742
47.8519719	-0.3011989
47.27959	-2.36242
48.3869486	-0.5857189
48.00822	0.07015
47.345287	-2.50777
47.345287	-2.50777
47.29288	-2.510964
47.29288	-2.510964
47.3662092	-1.1902596
47.26831	-2.33936
47.828265	-0.717435
47.2654	-0.6432
47.26195	-0.071536
47.218517	-0.173707
47.07068	-1.75448
47.3516227	-0.764069
47.42343	-0.4421
47.263944	-0.071971
48.3282708	-0.7412865
47.725265	-0.041852
47.88591	0.11178
47.7036842	-0.8767201
47.8138796	-0.0861111
47.40647	-0.62361
47.2999447	-0.540214
47.68195	-0.48559
47.134293	-0.050067
47.36666	-2.34186
47.27287	-2.35599
48.0777184	-0.7810408
47.189	-0.26845
47.28287	-2.40394
47.132411	-1.230391
47.277	-0.081458
47.5240717	-1.1834102
47.249196	-0.055665
47.34232	-2.50583
47.365337	-1.175532
47.06166	-0.8745
47.2529534	-1.1834278
47.27462	-2.43096
47.263656	-0.369383
47.3459	-2.50698
47.798904	0.6787684
47.68626	-0.87074
47.252118	-0.219681
47.272882	-0.326517
47.28235	-2.40903
47.44973	-2.31704
47.441094	-2.264726
47.33146	-2.4213
47.258	-0.070502
47.131026	-0.154496
47.23503	-0.1573
47.3418	-0.02987
47.46286	-0.54003
47.19658	-0.2715
48.0062583	0.2082255
47.514694	-1.9408329
47.22	-1.97258
47.6988449	-0.074405
47.1839845	-1.0945058
47.5327168	-1.8544363
47.133977	-0.152859
47.37789	-2.54365
47.3197761	-1.3447625
47.647295	0.156379
47.38376	-2.3994
48.2808761	0.0193609
47.29256	-2.50871
47.29811	-2.51492
47.329	-0.024357
47.13977	-1.35797
47.135	-0.11116
47.44615	-2.24029
47.26872	-2.34483
47.25209	-0.02191
47.2266114	-0.7360886
47.48664	-2.29003
47.6784666	-0.9715136
47.47588	-1.76476
48.225238	0.13229732
47.29758	-2.52303
47.41912	-0.43965
47.4182	-0.54025
48.01376	0.24254
48.43841	-0.49783
47.43825	-0.60919
47.3894903	-0.4270871
47.6183365	-1.4488659
47.47567	-0.56365
47.22078	-0.06452
47.1330356	-1.2263202
47.32634	-2.43049
48.0687958	-0.7660484
47.28706	-2.52097
47.257	-0.07123
47.28222	-2.50844
47.2332988	-1.5594356
48.028397	0.75606
47.601672	0.22602384
47.06347	-0.90692
47.4017957	-1.5857337
47.48948	-0.60004
47.21789	-0.022138
47.6041615	-0.3976506
47.8154217	0.06939683
47.755858	0.06797
47.387	-0.528
48.1933162	0.2956906
48.4138207	-0.9597414
48.29755	-0.94379
47.604487	-0.009576
47.2772573	-2.0774183
46.99812	-0.75881
47.03767	-1.0067
47.6057294	-1.6310622
47.02862	-0.83656
47.07191	-0.81944
47.3470079	-1.5599792
47.6619319	-1.3261346
47.5511	-0.47889
47.412676	0.154528
47.606423	-0.5196044
48.3832808	-0.8611572
47.4985316	-0.1597032
47.337404	-1.156101
47.59961	-0.64422
47.34405	-2.50712
47.378694	-1.1505475
47.2273358	-0.8513513
47.613073	-0.100722
47.507788	0.103374
48.393274	-0.380576
47.812691	-0.517008
48.128395	-0.752225
47.44203	-0.61285
47.1191095	-1.364334
47.5876267	0.16978935
47.754394	0.58326899
47.58765	-0.239
47.85547	0.34843
47.3938708	-0.2762515
48.2899036	-0.0997512
47.56659	-1.30281
47.49921	-0.64819
47.4662428	0.0915317
47.997151	-0.147776
47.5411241	0.01519591
47.7808888	-0.0803364
47.71945	-0.02424
47.4678721	-1.76777
48.0644113	-0.8330913
47.2577387	-1.9138757
47.16899	-0.51282
47.35088	-2.51634
47.3149147	-1.3221035
47.3971347	-1.5386681
48.342583	-0.062374
48.342583	-0.062374
48.342583	-0.062374
47.813936	-0.086743
47.06055	-1.6336
48.105882	0.027224
48.251563	-0.111638
48.104171	0.791155
48.1192469	0.79482689
48.182818	-0.127533
48.344568	-0.4916154
48.16022	-0.198862
47.962142	0.25182778
48.089782	0.016939
47.6662794	-0.2411472
47.7672871	-0.3207927
48.3004866	0.02922079
47.03257	-1.58467
47.713037	-0.156843
47.4650669	-0.797371
47.6954759	-0.0770227
47.6615739	-0.3499259
48.1189	-0.05326
48.1827445	0.130245
47.892942	0.202743
47.8228776	0.4100759
47.646614	0.1576977
48.0031727	0.202426
48.0191935	-0.5755881
47.8482149	-0.9440915
47.4364473	-0.2072787
47.310265	-0.669568
47.201656	-0.736141
47.582539	0.143757
48.2008	0.02461
47.8282	0.075405
47.7425894	-0.0619022
48.4032315	-0.6154446
47.62609	-0.40074
47.39624	-0.44478
47.1898726	-1.453204
47.4009868	-0.9244022
47.2772573	-2.0774183
47.6572338	0.44271349
47.878755	0.209214
47.2086171	-1.5690311
47.2475286	-2.2903199
47.10843	-2.08021
47.3451386	-1.2894926
47.1964769	-1.8304915
47.6807	-0.08835
47.305251	-1.062888
47.263654	-1.047409
47.263161	-1.045279
47.6999325	-0.6671757
47.32578	-0.46862
47.397091	-0.436452
47.5564771	-0.8404908
47.18246	-0.4305
47.266515	-0.4679753
47.33318	-0.68033
47.6392206	-0.6626239
47.7068669	-0.9098704
47.17808	-0.5305
47.654257	-0.845633
47.310591	-0.66674
47.3575346	-0.7728927
47.353268	-0.76502
47.6341273	0.2309445
47.235999	-0.5798666
47.6788562	-0.4877604
48.293785	-0.480934
48.1189325	-0.3798221
48.0982195	-0.349154
48.0979662	-0.3489655
47.892942	0.202743
48.1984574	-0.406296
48.097131	-0.351527
47.2224431	-0.5989264
47.426654	-0.250289
47.3319159	-1.5315613
47.4738177	-1.7591979
48.167585	-0.061716
47.2442051	-2.2860385
47.6796789	-0.9227355
47.308669	-0.645872
48.139449	-0.114082
47.37718	-0.723564
47.47337	-0.88014
47.1620613	-1.4275435
48.0896663	-0.6470503
48.1789638	-0.8829335
47.9160349	-0.5634929
47.8492752	-0.704112
48.4579889	-0.8908913
47.8715437	0.2505712
47.710687	-0.659402
47.42564	-0.33582
47.09198	-0.44981
47.330671	-1.004687
48.2582748	0.15355427
47.0862061	-1.2851748
48.076135	-0.763189
47.3416812	-0.7413148
48.005383	0.193233
48.0085795	0.1983766
47.28327	-2.2056
48.014428	0.200042
47.3638365	-1.0140784
47.2776598	-2.2149249
48.123635	-0.8177359
47.9652757	-0.1431653
47.9608237	-0.0670428
47.3568733	-2.1879218
47.888316	-0.231448
47.8896962	-0.2337616
47.8671901	0.5662611
48.232898	-0.4481929
47.12512	-1.5839
47.13464	-1.5882
48.024825	0.0737469
48.014712	0.026339
48.054908	0.004541
47.9422957	-0.7798828
48.3827426	-0.1281655
47.6459435	0.2560941
48.171565	-0.757635
47.9251105	-0.1791838
47.637475	0.241157
46.906444	-1.682613
47.9924268	-0.3569039
48.3464904	-0.2467474
47.904625	-0.664092
47.8436856	-0.5863781
46.910231	-1.573467
47.611425	-1.825409
47.966091	-0.5268231
47.8592889	0.467911
47.8117479	-0.730888
48.001999	-0.488827
47.9619588	-0.5424527
47.8117479	-0.730888
47.8117479	-0.730888
48.0057708	-0.4969713
47.834299	-0.710782
47.48224	-0.235303
47.3987914	-1.5804709
48.299414	-0.5654514
48.4602094	-0.5377563
48.3011689	-1.0023679
47.863127	-1.0703689
47.130535	-1.359034
47.833914	-1.033768
48.4655358	-0.4808301
48.33715	-0.711074
46.8826233	-1.6067478
48.315071	-1.052486
48.102965	-0.749885
48.124984	-0.594611
48.4203959	-0.5408039
48.0863115	-1.0444489
48.15068	0.736112
47.8897862	-0.2337032
47.9958219	-0.768838
48.0332744	0.2770579
47.7037527	-0.1852027
48.1443005	-0.8449578
48.110765	0.205998
47.8941731	0.2045428
47.892942	0.202743
48.46888	-0.1641789
48.246516	-0.111662
47.4288011	-1.4972237
47.3634026	-1.1791536
47.286987	-0.5593579
47.1898221	-1.3290225
47.530399	-0.013214
47.39645	-0.3884149
47.8922097	-0.0487292
47.8539079	-0.0857402
47.35539	-0.65354
47.3337192	-0.6796436
47.27306	-0.7771788
47.8118488	-0.730888
47.846628	-0.928843
48.372051	0.32167
48.4108476	-0.8170236
47.4939871	-0.0462653
47.4127364	-0.9224535
47.38025	-0.49394
47.5389634	-0.1737154
47.3512352	-0.7631671
48.1293955	0.50920305
47.6987407	-0.0953783
47.7030473	-0.3478571
47.6308492	0.2326791
47.5235417	-1.345736
47.6455567	-0.3048321
47.65181	-0.445704
47.52778	-0.40208
47.728	0.58483
48.3601703	-0.286317
47.837205	0.275704
48.0124023	0.1999132
47.5554442	-0.2315501
48.3134771	-0.6136527
47.6281048	0.05606491
48.3574461	0.37238328
48.3574461	0.37238328
47.7023082	0.07439099
47.5743252	-0.201199
48.0010209	0.812136
47.5355174	-0.233804
47.2470785	-2.266511
47.40603	-0.48394
47.3587557	-2.1871922
47.2601586	-2.2247097
47.2384135	-2.2829737
47.329474	-0.199346
47.986925	0.2786429
48.3644056	0.26433534
47.3375257	-1.276587
47.0104667	-1.0564443
47.8789118	0.23322027
47.2774314	-1.8594279
47.6350179	-1.0439578
47.1686663	-0.9612642
47.9128111	-0.9676379
47.6881497	-0.6885899
48.1800975	-0.7896384
48.469825	-0.197917
47.288459	-0.560585
47.823457	-0.394996
47.9546493	-0.4681667
47.1235389	-1.0414178
47.815438	-0.4219468
47.7162705	-0.5356111
47.132629	-1.226247
47.175132	-0.799635
47.175132	-0.799635
47.716693	-0.673638
47.9702267	-0.831855
47.605904	-1.1708069
47.322245	-1.0354509
47.8499667	-0.700573
47.5344706	-0.7872379
47.4893221	-1.1633488
48.295362	-0.6277179
47.7122231	0.41523706
47.3602294	-0.7265823
47.705596	0.531474
47.7141849	0.24857327
47.7350291	-0.9084798
47.5181814	-0.8257189
47.3570986	-0.4501455
47.6380924	-0.6636009
47.3361093	-1.0562809
47.193545	-0.118961
47.6861973	-0.8705989
47.46826	0.01917
47.236997	-0.008713
47.29816	-2.53566
48.49577	-0.33915
47.40754	-2.47956
47.06265	-0.87491
47.29861	-2.51954
47.35081	-2.51649
47.196	-0.12113
47.38835	-2.4246
47.47773	-0.627252
48.0075045	0.19512469
47.0863779	-1.2890422
47.8542669	-0.3029167
47.283117	-1.768792
47.239696	-0.023741
47.246869	-0.044183
48.00089	0.19628
47.39936	-0.37418
47.7015509	-0.3637741
48.00822	0.07015
48.154954	-0.402774
47.379696	-2.546722
47.6836928	-0.8670999
47.3984101	-0.273361
47.04395	-0.85891
47.28981	-2.52419
47.29595	-2.51658
47.33254	-0.47324
47.20724	-2.09229
47.6642738	0.47205234
47.20161	-0.42755
47.1992041	-0.994022
47.9491299	0.763723
47.309974	0.094449
47.5392439	-0.1026932
47.6127901	0.3313269
47.260905	-0.077795
47.28524	-2.03646
47.181332	0.047954
47.243493	-0.09166
47.6952616	-0.0765984
47.46933	-0.55572
47.341095	-0.233697
48.1985295	-0.4065388
47.29085	-2.50817
47.2992588	-1.4756171
47.53028	-0.56912
47.328	-0.1787
47.40198	-0.48715
47.275572	-1.792382
47.131026	-0.154496
47.21243	0.05264
47.06044	-0.88291
47.7273517	0.5850093
47.27575	-2.47363
47.25859	-2.16966
48.0376973	0.5328339
47.06286	-0.87759
47.2546008	-0.077155
47.29831	-2.53765
47.206413	0.05143
47.743306	0.0937057
47.7185687	-1.3633752
47.3760458	-0.6412083
47.48546	-0.56742
47.23555	0.05165
48.0114255	0.20050804
47.8424299	-0.9497128
47.98259	0.27943
47.48663	-2.29003
47.6784666	-0.9715136
47.48052	-0.56443
48.4788131	-1.0340857
47.31054	-0.15781
47.314686	-0.168725
47.7173793	-1.1788868
47.69944	-0.07174
47.26313	-2.41915
47.45647	-0.61104
47.47567	-0.56365
47.48552	-0.59187
47.7641467	0.6581414
47.364252	-0.266707
47.228	-2.03004
47.5598205	-1.0379502
47.29539	-2.51459
47.348781	-0.223548
47.26306	-2.44628
47.05992	-0.88205
47.6874184	0.0421598
47.15434	-0.01798
47.20057	-0.15681
47.306	-0.33542
47.306	-0.33533
47.9181044	0.33129784
47.294365	-0.523355
47.15211	-1.017536
47.6860933	0.4313083
47.48922	-0.60003
47.11576	-0.36906
47.3471029	-0.4891595
47.755858	0.06797
47.38506	-0.52521
47.201922	-0.409372
47.3627773	-1.1872122
46.99914	-0.75936
47.652594	-1.304065
47.7256352	-0.8762213
47.601081	-0.095925
48.4171955	-0.5257186
47.3949992	-1.059042
47.331299	-0.6714964
47.07192	-0.81948
47.07202	-0.8191
47.31853	-0.36781
47.09536	-0.68539
47.3453359	-1.5588204
47.47814	-2.12876
47.962142	0.25182778
47.07266	-0.75909
48.499351	-0.245421
47.01246	-0.92638
47.65732	-1.224363
47.65139	-0.373645
47.3926841	-1.4825277
46.99992	-0.82393
47.5179318	-0.0762729
47.13231	-1.435073
47.52277	-0.74571
47.23648	-1.98842
47.207641	-0.341894
48.342583	-0.062374
48.31342	0.3031
47.7669	-0.391113
48.2905967	0.07339051
48.055376	-0.227747
47.07003	-0.97137
48.202968	0.32178799
47.95484	0.41356
47.6461461	-0.0508404
47.739773	-0.0171879
47.7404867	-0.5754286
47.37651	-2.55521
47.7795803	-0.6720844
47.2100958	-0.4863132
47.26194	-2.3415
47.73095	-0.84665
48.170049	0.524867
47.08976	-1.61558
47.3587872	-0.4330574
47.370703	-0.496747
48.129417	0.50913868
47.7067219	-0.2684735
48.18336	-0.8937889
48.06891	-0.0115
47.3099091	-0.143868
48.246516	-0.111662
48.0904162	0.67464833
48.01887	0.56999
47.962142	0.25182778
48.3452597	-0.2676539
48.1459756	0.59095225
47.792845	0.426206
48.089782	0.016939
47.735545	-0.0886766
47.9829271	-0.4069143
47.6818211	-0.0537033
47.3652866	-1.1087495
47.8312102	-0.0167395
47.3090412	-1.3143918
48.2840658	-0.426797
48.059124	0.035754
47.821793	0.36403
47.7443104	0.5451585
48.2397582	0.029584
47.864839	0.282294
47.6909326	0.5146608
47.7525356	0.4496207
47.867563	0.264934
47.8006571	0.3087933
47.265789	-8.9e-05
47.4361188	-0.1607933
47.39558	-0.40251
47.322534	-0.635508
47.8725954	0.27265504
47.8417243	0.26097209
47.276215	-0.5620629
47.2770497	-0.7963565
47.8163526	-0.0849577
48.2830559	0.03365058
47.8282	0.075405
47.3918454	-0.8705655
47.8648702	0.5565485
47.625939	-0.0650322
47.40682	-0.47755
47.6777038	-0.0179547
47.185162	-0.987751
47.62559	-0.40119
47.0893861	-1.2836795
47.1416	-1.381876
47.2659215	-1.4028711
47.3352396	-1.2442055
47.198009	-1.720498
48.20135	0.2376612
47.314892	-1.951388
47.2414232	-2.2674008
46.962759	-1.754116
47.170696	-1.4061534
47.586483	-1.69042
47.1878452	-1.109281
47.341448	-1.173573
47.211549	-0.4617829
47.33415	-0.42002
47.357691	-0.69912
47.571485	-0.884201
47.701453	-0.6805552
47.6271781	-0.7142164
47.6501391	-0.579016
47.677388	-0.047238
48.534888	-0.184569
47.7443104	0.5451585
47.3222206	-0.6810997
47.3913652	-0.8540114
47.266702	-0.82578
47.179863	-0.7263149
48.0623852	0.6668352
48.026651	-0.3955409
48.0831634	-0.3528106
48.0972608	-0.3549421
47.825349	-0.9200369
47.3444337	-1.2895707
47.850098	0.26353488
47.124398	-1.418828
47.3391156	-1.5124534
48.0751621	-0.7609504
47.8264783	-0.7060593
48.379403	-0.9159139
48.42105	-0.78997
48.4143278	-1.0150702
47.86634	0.46925
48.0811503	-0.0386187
47.984084	0.269657
47.1947719	-1.261402
47.991811	0.1933425
47.7073353	-0.486099
47.059342	-1.8406535
47.263859	-0.071848
47.09176	-0.44954
48.182818	-0.127533
48.0156296	0.2173407
47.947005	-1.149639
47.191089	-1.544918
47.191089	-1.544916
47.28327	-2.2056
47.7212081	-1.3784142
48.008055	0.19449989
48.151243	-0.79213
47.9251105	-0.1791838
47.625462	-1.7528
48.2493974	-0.4170672
47.8896962	-0.2337616
48.27257	-0.354614
47.7379962	-0.3216549
47.758571	0.480665
48.16635	-0.7879824
48.33142	-0.42313
48.33142	-0.42313
48.3370906	0.37616465
48.194477	-0.665062
47.948303	0.47541699
48.294647	-0.1682549
48.020309	-0.575585
47.924452	-0.179815
48.17677	-0.786656
48.17677	-0.786656
47.933043	-0.681275
46.8770209	-1.6678185
48.4145739	-1.014723
47.8476388	-0.3372692
47.9778758	-0.4409938
47.97784	-0.44111
48.3464904	-0.2467474
48.3464904	-0.2467474
48.015321	0.69462299
48.0018479	-0.9265084
48.0009958	-0.4826931
47.841607	-0.9932929
47.8888719	-0.6889031
48.16022	-0.198862
47.396412	-1.024799
48.0643041	-0.7947662
47.885205	-0.88732
47.802164	0.461168
48.2986838	-0.8933376
47.8634058	-0.6962828
47.8120556	-0.7307292
47.9486793	0.7418804
48.3495581	-0.5059467
48.370568	-0.6915599
48.2238086	0.4230002
47.913625	0.093298
48.41903	-1.040208
47.826046	-0.382758
47.313145	-2.3345
47.920529	-0.1603838
48.0423952	0.2691333
48.403004	0.339342
48.252822	0.31128
47.653263	0.011212
47.639508	0.243204
48.139449	-0.114082
48.139449	-0.114082
47.491886	0.142784
47.3771393	-0.7235834
47.2271372	-0.8959669
47.661297	0.105298
47.3307451	-0.6341984
47.377858	-0.476853
47.3269196	-0.6665306
47.40175	-0.43601
47.40175	-0.43601
47.4239483	0.1562008
47.491097	-0.175598
47.2266114	-0.7360886
47.9479789	0.7468192
47.8118488	-0.730888
47.761556	0.5453327
47.646742	0.15929089
48.4900238	-1.0412684
47.8173568	-0.0872469
47.8664784	-0.2088066
47.3543129	-0.7674593
47.3512816	-0.7484419
47.3580794	-0.6319882
47.8525779	-0.9505395
47.14646	-0.53619
47.3556139	-0.7646944
47.686848	-0.0374289
47.6347421	-0.6925725
47.1247464	-1.1222583
47.3658311	-1.1783817
47.614461	-0.904508
47.33357	-0.41945
47.391805	-0.991534
47.7555775	0.372765
47.713394	-0.0259399
47.9150409	0.158459
47.6605061	-0.8320683
47.8392923	-0.331083
47.8310197	-0.3321937
47.3006568	-0.595344
47.5310901	-0.1473627
47.4121	-0.40866
47.3237433	-2.1994598
47.27195	-2.21414
47.28282	-2.22667
47.2687756	-2.2286515
47.2415975	-2.2787465
47.952751	-0.730539
47.33611	-1.277051
47.395523	-1.1761715
47.010605	-1.0561878
47.1561221	-1.0880887
47.353276	-0.761395
47.321543	-0.6463479
47.6315687	0.2584866
47.8063466	0.1084184
48.4548625	-0.1827448
48.4967147	-0.3513848
47.5855426	-0.9182596
47.7118579	-0.173889
47.12447	-0.96747
48.4859465	-0.3930108
47.8234069	-1.0149537
48.1672566	0.07817285
47.202485	-1.1394305
48.3987687	-0.1193796
47.5467917	-1.7276398
47.716693	-0.673638
48.360738	-0.1204319
47.5174507	-0.9869106
47.769588	-0.962131
47.147062	-0.675192
47.989312	0.54530899
48.3569038	-0.9139683
47.219486	-0.851602
48.0927269	0.418443
47.5751333	-1.1575741
47.815772	0.569117
47.8225234	-0.0817648
47.706973	-1.119655
47.76414	-0.49934
47.5851009	0.047984
48.3927727	-0.0744726
48.2638829	-0.1716297
48.013162	0.218
48.400347	0.37055799
47.392572	0.05127
47.72059	-1.37721
47.6861973	-0.8705989
47.28985	-2.50925
47.210062	-0.7275325
47.29816	-2.53566
47.8943032	0.0362893
47.34398	-2.50587
47.29633	-2.51382
47.04091	-0.82906
48.4085547	-0.8247014
47.05958	-0.88317
47.21505	-0.07011
47.28244	-2.39093
47.2	-0.2154
47.06282	-0.86316
47.27388	-2.42488
47.287	-0.25525
47.38327	-2.53004
47.3575346	-0.7728927
47.0989856	-1.1265816
48.3499788	0.3682256
47.183546	0.051491
47.49391	-0.5848
48.43802	-0.49644
47.29111	-2.50994
47.3530592	-0.4464662
47.7435635	0.0582954
47.29288	-2.510964
47.216501	-1.554609
47.979988	-0.051962
47.813699	0.561926
48.037696	0.186874
47.38999	-2.29831
47.2243183	-1.2437552
47.39524	-2.49242
48.094066	-0.787373
48.0376375	0.534031
47.47036	-0.55423
48.00475	0.19217
47.68522	-0.87332
47.218087	0.026687
47.222779	0.028731
47.084779	-0.113687
47.40559	-2.47984
47.05784	-0.94195
47.29497	-2.52243
48.3216546	-0.1097596
47.327	-0.19647
47.53507	-0.57378
47.63968	0.15317
47.1157	-0.36906
47.42027	-2.12748
47.45494	-0.52709
47.4694	-0.5431
47.46785	-0.54622
47.197934	-0.275232
47.215	0.064191
47.252118	-0.219681
47.54412	-0.67455
47.6699789	-0.2448895
48.0093272	0.1964014
47.37904	-0.64468
47.05116	-0.90337
47.5349453	-0.0998031
47.308936	-0.153948
47.40982	-2.35382
47.3368607	-1.8317167
47.41511	-2.40016
47.332238	-0.203414
47.4144	-2.47374
48.019455	0.15402746
47.240112	-0.039077
47.5736734	-2.0470078
47.6206	-0.20346
47.28623	-2.39702
47.28074	-2.4284
48.3512559	-0.0783674
47.676406	-1.6680699
47.06286	-0.87759
48.22507	0.1321819
47.0996458	-0.9893743
47.46987	-0.55411
47.6986466	-0.0672812
47.6662794	-0.2411472
47.86548	-1.05451
48.3433008	-0.2699558
47.26019	-2.42985
47.22636	-2.16248
47.22707	-2.16895
48.2830115	0.03479635
47.43899	-1.99707
47.13982	-0.42742
47.244115	0.013487
47.72032	-1.37815
47.72032	-1.37815
47.525408	-1.9533679
47.47493	-0.55893
47.28384	-2.51252
47.242587	0.013466
47.26129	-0.071644
47.32349	-1.62311
47.29044	-2.5086
47.26959	-2.34881
47.37445	-0.36302
47.37559	-0.64873
47.38056	-2.54376
47.27762	-2.48218
47.12967	-0.21504
47.46556	-0.54834
47.26535	-2.34434
47.34469	-2.50799
48.0797564	0.41903879
47.304	0.086743
47.23046	-0.23855
47.05678	-0.86325
47.28109	-2.32121
47.03453	-0.60975
48.3517229	0.37158398
47.06074	-0.93999
48.3527781	0.35878098
47.13724	-0.20538
47.2845	-2.51266
47.28458	-2.51291
47.38211	-2.53187
47.06032	-1.55387
47.259938	-0.078877
48.3516699	-0.0870754
47.28064	-0.12755
48.0264	0.7561
47.3437891	-0.4853005
47.10975	-1.52314
47.306635	-0.037579
47.228476	0.015275
47.41753	-2.3034
47.28337	-2.50561
47.8900035	-0.6941292
47.38937	-0.35604
47.39544	-2.322
47.24072	-0.00633
47.3617233	-1.1870232
47.3757	-2.45947
46.99835	-0.75903
47.381631	0.065527
48.3370586	0.3712466
47.034874	-1.761321
47.6463608	-0.053292
47.06414	-0.76132
47.02862	-0.83656
48.4098335	-0.7826386
47.50875	-0.42829
47.579289	0.210798
47.7490141	-0.5459799
47.49865	-0.2102456
48.1818059	0.28055989
47.704707	0.55099399
47.57044	-0.32138
47.0579	-0.6104
47.4833625	0.1686045
48.1362396	0.33165366
47.3926011	-1.6569585
47.410764	-1.299553
48.356264	0.3569339
47.4838	-2.25246
47.5145622	-0.1189043
47.4260856	0.1701786
47.33275	-2.29101
47.00348	-0.70376
47.3349708	-1.4607394
47.6410017	-0.0911797
48.445564	-0.720826
47.500694	-0.136281
47.49876	-0.41994
47.42526	-0.71517
47.422429	0.178434
48.442873	-0.334323
47.43151	0.00361
47.1029	-0.81597
47.08619	-1.77498
47.70005	-0.3641529
47.56659	-1.30281
47.4662428	0.0915317
47.28481	-2.51385
48.4643469	0.30354699
47.8120817	-0.8312824
47.71945	-0.02424
47.4674343	-1.7671327
47.29793	-2.51619
47.26614	-2.33935
47.2699	-2.42559
47.26759	-2.34746
47.846156	-1.002325
47.3230421	-0.7314177
48.342583	-0.062374
47.27374	-2.48105
47.7352811	-0.087925
47.39159	-0.8631
48.4382557	-1.0591996
48.1374552	0.79507025
48.070589	0.59641569
48.187599	-0.094208
48.108084	-0.718674
47.358852	-1.944482
48.0159548	0.68165758
48.0329282	0.5992282
48.14331	0.88063
48.0888327	-0.1447995
48.246516	-0.111662
47.8267669	-0.7069
48.1793527	0.63537963
47.720751	0.145186
48.2238493	-0.5576379
48.104313	-0.341618
47.3425085	-1.5406609
48.3261828	-0.2184285
47.7720078	0.67706118
47.3926057	-0.794161
47.616402	-0.508561
48.1145994	0.5176725
47.3324104	-1.5335784
48.2428347	0.16993241
47.8385277	-0.6996463
47.4611164	0.1234773
47.3526939	-0.6514685
47.175132	-0.799635
47.2761019	-0.7413157
47.916188	0.213186
47.473154	-0.810762
48.2186953	-0.8706311
47.63648	-0.29488
47.5769338	-0.0510653
48.441968	0.22648
47.2701955	-2.2139728
46.9796475	-1.7394901
47.198682	-1.7355651
47.6961183	-0.087186
48.37186	0.173862
47.341454	-0.937126
47.6999244	-0.6671691
47.3926151	-0.3956079
47.6881621	-0.5893855
47.40175	-0.43601
47.298267	-0.522881
47.716456	-0.677778
47.3813219	-0.7956233
47.5558835	-0.1774457
47.6705789	0.368412
47.6338869	0.2309928
47.247129	-0.6699398
48.1550091	-0.3877525
48.223069	-0.4017519
48.2529506	-0.223712
48.140907	-0.43358
48.0944755	-0.3405837
47.505232	-1.1024519
48.15592	-0.40468
48.235213	-0.213946
48.19088	-0.45466
47.089799	-1.031213
47.1989155	-1.8790747
47.8875283	0.20960842
47.88079	0.19544
48.391295	-0.6162861
47.6049535	-0.6830016
48.005786	0.200628
48.0057799	0.2006549
47.106689	-1.2923976
47.1385045	-1.4154996
47.3965368	-0.2552128
47.8267375	-0.7126672
47.7958499	-0.7808127
48.3766158	-0.6778334
48.43868	-1.05758
48.15647	0.320692
48.164706	0.27171499
46.9556653	-1.5754474
47.654711	-0.507234
47.7379977	-0.4611952
47.12047	-0.36786
48.189858	-0.154397
48.182818	-0.127533
48.119121	-0.187443
47.1903637	-1.5445052
48.0071439	0.19620684
48.0099419	0.19816
48.007787	0.19429249
47.2223772	-1.5488285
47.2806788	-2.2134579
47.170696	-1.4061535
47.993595	-0.151066
48.363433	-0.000704
47.7548265	-0.2119386
48.2521346	-0.5008017
47.13464	-1.5882
47.4412155	-2.2613638
47.8640824	-0.4749041
47.872356	0.2989049
48.054908	0.004541
47.858434	0.371458
48.1410744	-0.9345601
47.814951	0.155116
48.246285	-0.280242
47.872919	-0.522547
48.0258227	-0.9684495
47.1895346	-1.422766
47.334213	-1.518602
47.911142	0.3153782
47.586975	-1.341619
48.01874	0.313666
47.760193	0.2825262
47.0366992	-1.984475
47.843275	-0.146474
48.3464904	-0.2467474
48.0021859	-0.5393034
48.361442	-0.161688
46.88251	-1.51538
47.547292	-1.25452
47.939828	-1.0259859
48.244199	-0.734676
47.9328139	-0.6808868
48.486952	-0.2377649
47.8891795	-0.6931273
47.834299	-0.710782
48.2121314	0.3415915
48.2435906	0.34086092
47.165056	-1.283182
47.8056202	-0.6830982
47.84867	-0.9496219
47.818394	-0.688244
48.3067738	-0.6247073
47.8648359	-0.325115
48.308113	0.30106
47.869041	0.660437
47.787732	-1.0119469
48.382292	-0.905658
48.4032494	-0.6152261
48.146456	-0.3114424
47.944108	0.05946399
47.7260205	0.37910693
48.451044	-0.7090524
48.16022	-0.198862
47.727219	0.184018
48.139449	-0.114082
47.726323	0.011925
47.9222715	0.1878364
48.133271	-0.7731579
47.778472	-1.439683
47.888316	-0.231448
47.866898	0.193027
47.892942	0.202743
47.699683	0.024017
47.891829	0.207913
47.15285	-1.41121
47.2867266	-0.5596406
47.718297	-1.3697281
47.209572	-1.748652
47.712763	-1.1898579
47.8386246	0.43359343
47.8640886	-1.0680954
47.8539079	-0.0857402
47.6296475	0.05794132
47.491097	-0.175598
47.7496033	-0.6421791
47.66973	-0.13764
48.1054821	0.5830289
48.3411293	0.06468332
47.9630269	-0.2331974
47.169597	-0.9616989
47.5389343	-0.1736511
48.16022	-0.198862
47.8424249	-0.7015471
47.349091	-0.592544
47.6382045	-1.8080146
48.0179436	0.27894733
47.670898	-0.243812
47.52782	-0.40214
47.2666159	-0.5016319
48.3701708	-0.1719499
48.203	0.32179
48.284645	0.01070072
47.377858	-0.476853
47.25735	-2.24162
47.241541	-2.278482
47.240249	-2.2828877
47.30983	-2.33323
47.2477367	-2.29013
47.2386703	-2.2792091
47.92095	0.43394
48.2363333	0.4898404
47.10472	-1.21728
47.6648809	0.3144037
48.1779469	-0.8817033
47.1621288	-1.1694886
47.9830915	0.42999731
48.2889173	-0.815112
47.08745	-1.00521
47.6504411	-0.9514041
48.0062779	0.48681399
47.9206809	-0.7490742
47.608732	-1.0325732
47.9697437	-0.5970708
47.1700437	-0.7473825
47.668291	-0.718382
47.4957473	-0.9070955
47.766788	-0.124452
47.7209519	-0.702985
47.7446652	0.48744609
48.3226942	-0.0545178
47.993033	-0.029307
47.8073263	-0.7421709
48.43639	-0.495151
47.7030945	-0.0284234
47.6926444	0.50140947
48.005097	0.024483
47.392548	-1.9912779
47.35923	-2.52042
47.1514683	-1.3987916
47.3669633	-1.4297293
47.399085	-1.75898
47.29956	-2.51881
47.27881	-2.4799
47.6689815	-0.2427146
47.232	0.002259
47.508	-0.59757
47.26067	-2.43599
47.4554611	-0.2261834
47.0694413	-1.3583155
48.38253	-0.52413
47.7631682	0.6583323
47.05958	-0.88317
47.241	-0.067179
47.263438	-0.0097
47.42602	-2.45477
47.7067082	-0.7470843
47.06628	-0.89457
47.33667	-2.43153
47.25372	-2.33352
48.3972479	-1.0555123
47.3338449	-1.2473479
48.06731	-0.77078
47.25191	-2.16187
47.3732259	-1.8229223
47.3650204	-1.60703
47.04756	-0.98026
47.260359	-0.078143
47.23582	-2.2937
47.44637	-2.07195
47.193	-0.29429
47.5960513	-1.6793073
47.240122	-1.345852
47.06048	-0.88563
47.25863	-2.33855
46.99443	-1.8324
47.3381053	-1.2106266
47.25844	-1.91821
47.428545	-2.390511
47.29288	-2.510964
48.096699	-0.354074
47.28843	-2.03369
47.3530592	-0.4464662
48.0738135	-0.7546624
47.42399	-0.38447
47.40255	-2.08933
47.350367	-1.8003029
47.3507117	-1.7995819
47.350367	-1.8003029
48.0595196	-0.5676635
47.2544226	-0.9008234
48.4405309	-1.0579205
47.2083	-2.04357
47.4154608	-1.6488543
47.4406363	-0.2261384
47.55524	-0.23145
47.342489	-0.2329
47.125	-0.23282
47.288399	-0.184235
47.47275	-0.56125
47.47454	-0.55277
47.866053	-0.105168
47.6492428	-0.6986559
47.29125	-2.39228
48.4378864	-0.4966551
47.467861	-0.546223
47.33488	-2.47351
47.2694957	-0.8239546
47.711914	-1.36815
47.37841	-2.54522
47.197934	-0.275232
47.42153	-0.58506
47.4674657	-0.280362
47.20687	-2.07387
48.0374729	0.53379789
47.34728	-2.49225
47.3373422	-1.265973
47.31076	-2.40865
47.318403	-0.148665
47.5087034	0.1221606
47.235158	-0.157335
47.27856	-2.3723
47.3418	-0.02987
47.4134	-2.47475
47.240012	-0.129645
47.4669992	-1.764313
47.18229	-2.15989
47.34065	-2.34415
47.7617279	0.65649299
47.06286	-0.87759
47.38049	-2.54342
47.727324	0.584859
47.46204	-0.54382
47.45284	-2.07744
47.846167	-0.962429
47.40702	-2.48122
47.9989475	0.19545149
47.45744	-2.07005
47.28951	-2.53945
47.253156	-0.069725
47.06245	-1.44683
47.4101	-0.56363
47.57313	-0.48217
47.747958	0.56092853
47.9523991	-0.7296042
47.297	-2.52043
47.6759527	-0.1616582
47.32349	-1.62311
47.05691	-0.88628
47.6784666	-0.9715136
48.351782	0.37169064
47.13208	-0.15307
47.8297565	-0.7040975
47.193952	-0.30647
47.189	0.048332
47.28627	-2.39293
47.08141	-0.8919
47.813986	-0.0852429
47.46505	-0.46875
47.195234	-0.268891
47.182931	-0.166825
47.7755315	-0.6739646
47.3447251	-1.2892979
47.2733	-2.29448
47.26548	-2.42364
47.5632634	-1.623645
47.248503	-0.046741
48.281161	0.02291818
47.2180885	0.05275456
47.9759711	0.24479069
47.10185	-0.61107
47.37104	-2.43349
47.38186	-0.34877
47.11572	-0.369
48.3440279	0.03605788
47.5073418	0.10238161
47.55363	-0.44106
47.8143266	0.07068429
47.755858	0.06797
47.48428	-2.17716
47.33228	-2.36946
47.110618	-0.144168
47.110618	-0.144168
47.604487	-0.009576
47.281252	-1.421276
47.450717	-0.113756
47.450717	-0.113756
47.117042	-1.764003
47.5951637	-0.35736
48.415759	-0.6550539
47.0719	-0.81952
48.3089659	0.302124
47.295	-0.094661
48.4541149	-0.8142627
47.4052509	-1.5303636
48.0497843	0.7754618
47.5866808	0.14222351
47.498226	-0.15993
47.498226	-0.15993
48.045013	-0.9664279
47.25815	-2.34175
47.3204204	-2.2663496
47.518307	-0.0757509
47.375303	-0.628456
48.1695552	-0.9600475
48.4104943	-0.5535865
47.4736074	0.13981869
48.1634404	-0.7733735
47.7857525	-1.4387015
47.0923	-0.45005
47.47183	0.185646
47.13238	-0.80776
47.447771	0.090879
48.30573	-0.96647
46.93685	-1.67965
47.61012	-1.35306
48.3760931	-0.0467853
47.83385	-0.79431
47.8877276	-0.1983341
48.1072975	-0.8080497
48.049505	-1.018148
47.2733	-2.48092
47.763231	0.65686819
47.5962549	-0.1854762
47.1517	-0.39691
47.06923	-0.98854
47.16899	-0.51282
47.9584837	-0.9839395
48.0675375	0.06426895
47.0106196	-1.0564453
47.385079	-1.0299579
48.0390136	0.23232213
47.195	-0.12
47.667352	0.311181
48.109717	0.081728
47.7617412	0.39929132
47.03761	-1.59626
48.4169113	-0.0802744
47.7069211	0.47579978
47.734376	-0.234684
48.11701	0.70315
48.1193123	0.38486714
48.156336	0.032637
47.7058771	0.01448582
48.1775778	0.23409732
47.311207	-0.5906339
47.3474266	-0.9645037
47.5199859	-0.1780947
47.7623288	0.65724079
47.2702114	-1.1350589
47.3777428	-0.834577
48.051596	0.672139
47.5126732	0.11297929
47.7525356	0.4496207
48.0608549	-0.673442
47.9664062	-0.5322222
47.9664062	-0.5322222
48.4291681	-1.0662062
48.4730596	-0.9714375
47.5010741	-0.0429548
47.263067	-0.071046
47.23092	-0.615465
47.2169589	-0.7252937
47.201656	-0.736141
47.2705046	-0.5200962
47.311117	-0.7098939
47.3139006	-1.1877502
47.4154934	-1.790384
47.893097	-0.199944
47.6259679	-0.065043
47.356497	-0.448862
47.384077	-1.344959
47.351163	-1.262699
47.1561441	-1.4631465
47.1425908	-1.3822434
47.0589337	-1.2228246
47.34787	-1.02751
47.1895628	-1.5450756
47.461509	0.12026463
47.2086171	-1.5690311
47.1331114	-2.1146795
47.283653	-1.537501
47.7119742	-0.4497626
47.3992451	-0.3763484
47.2671621	-1.2532979
47.2634234	-1.046431
47.38811	-0.39475
47.39709	-0.43645
47.33357	-0.41946
47.2122843	-0.4563714
47.2628163	-0.4679966
47.701453	-0.6805552
47.7104841	-0.822187
47.6902478	-0.6807406
47.7457221	-1.0085196
47.0504438	-1.1847361
47.26714	-2.23607
47.3857239	-0.8705191
47.7628103	0.55339539
47.6956162	0.4665795
47.061117	-1.307291
47.8354191	0.34569628
48.1548917	-0.3933332
47.3333741	-0.679628
47.382355	-0.593699
48.2100684	-0.3006854
48.09722	-0.26159
48.2107007	-0.2062779
48.0973522	-0.354932
48.1912816	-0.4551099
48.2118736	-0.419454
47.12298	-0.55383
47.8904359	0.02794177
47.12512	-1.5839
47.2314736	0.0072634
47.8730588	0.59024929
47.8774969	0.21689775
47.0834352	-1.2965505
47.3110443	-2.3323625
47.3945927	-0.2742294
47.3715793	-0.6844644
47.4056674	-0.7112303
48.213079	-0.705533
48.4144364	-1.0145445
48.4421416	-1.0234285
48.4372978	-0.5404522
48.3269058	-0.3590335
48.0852002	0.15521712
48.0876069	0.1538798
47.8055513	0.52290629
47.70469	0.014988
47.5152017	-1.3810103
47.710944	-0.1465518
47.710987	-0.284425
47.4380469	-0.1339927
47.4696509	0.16395387
47.3462605	-2.00202
47.352863	-0.656581
47.352863	-0.656581
48.182818	-0.127533
48.246516	-0.111662
48.294734	-0.086561
48.27094	-0.233503
47.401928	-1.585724
47.329239	-0.993317
48.3230165	-0.2521918
47.8732839	-0.0947531
47.191089	-1.544915
48.005383	0.193233
48.0082151	0.198075
48.182818	-0.127533
47.4002452	-0.9266981
47.9925094	0.1741598
47.931992	0.467965
47.15443	-1.240261
47.989838	0.320342
48.1035579	0.79150109
47.1964683	-1.7240729
47.625462	-1.75296
47.738191	-0.3213867
47.13464	-1.5882
47.6316448	0.3444532
48.368124	0.176464
47.922374	0.345093
48.1726821	0.16031728
48.164297	-0.928032
47.984191	-0.869317
48.0258227	-0.9684495
47.124585	-1.419149
47.5518159	-1.9792482
46.90375	-1.6718
47.6992059	0.24718
48.038012	-0.082406
47.7707973	-0.6051737
48.038012	-0.0824059
47.9375447	-0.0526463
47.988724	0.750758
47.8614943	-0.7835113
47.8888719	-0.6889031
47.7114493	0.3924981
48.16022	-0.198862
48.063182	-0.7949149
48.0643041	-0.7947662
47.8482523	-0.9535379
48.355806	-0.674164
47.8550833	-0.7222747
48.4400742	-0.492803
47.8639	-1.0683
47.864334	-0.323816
48.342152	-0.859247
47.818555	-1.1397699
47.8423447	0.75052674
48.110024	-0.7755999
47.950175	0.071066
48.0989413	-0.3462052
48.1006718	-0.7854174
47.8483496	-0.2597257
47.8293722	-0.1331797
47.9827509	0.2707737
47.8892664	-0.2354671
48.0315662	0.2585386
47.726323	0.011925
47.710937	0.036059
48.237256	-0.102566
47.113739	-1.3966703
47.878332	0.2303911
47.8539079	-0.0857402
47.3525266	-0.7589046
47.3406963	-0.6616157
47.38222	-0.43667
47.17678	-0.44165
48.4980087	-0.3519642
47.8811326	-1.0135938
47.4369911	-0.9396289
47.77617	-1.21867
47.736645	-0.645613
47.7172066	-0.6816871
47.6881909	-0.5897289
47.691154	-0.6846267
47.7746931	-0.673478
48.0083072	0.3233822
47.3814529	-1.0230278
47.5812115	-0.3048141
47.373882	-0.448858
47.818064	0.339444
47.14717	-0.50181
47.2666195	-0.5016211
47.27541	-0.585951
48.3134771	-0.6136527
48.3578744	0.37387847
47.7023082	0.07439099
47.2774709	-2.2053459
47.2377852	-2.2896832
47.2713654	-2.2012803
48.37684	0.30053
48.353511	-0.076217
47.3386496	-1.2127872
47.101355	-1.128084
47.011169	-1.056101
47.18152	-0.77433
48.225862	-0.9290274
47.3192758	-1.7943788
47.342879	-1.354001
47.1670196	-0.6604683
48.1776035	-0.8817033
47.3576969	-0.7437109
47.1244702	-0.9674163
47.5675971	-1.0228371
47.6985839	0.335548
47.8853229	-0.25518
48.2393479	0.4654245
47.7162932	-0.5357017
47.7161777	-0.5355945
47.77359	-0.99731
47.716693	-0.673638
47.785234	-0.5518759
47.727035	-0.726705
47.2487576	-1.2252392
47.0717572	-1.0587385
48.2168459	-0.8305609
48.1938191	0.03816141
48.090317	-0.341219
47.9559358	0.67955676
48.2851254	0.47726185
47.74164	-0.87398
47.927842	0.454989
47.2872747	-1.1661179
48.0229868	-0.2878722
47.8156589	0.089568
47.95526	-0.93026
47.1070041	-1.0574918
48.274719	-0.404479
47.8376139	0.478912
47.875244	0.017672
47.9886247	-0.0790943
47.8430912	-0.7014474
47.6660439	-0.2416141
48.459686	-0.200468
47.4005096	-0.4620088
47.3208	-0.186684
47.288	-2.50595
47.29321	-2.50988
47.2383086	-1.3529559
47.2515589	-0.9008963
47.236573	-0.009483
47.5130152	0.11581093
47.64476	0.15742
48.44044	-0.49168
47.5212081	-0.8789933
47.48888	-0.55703
47.42194	-0.55536
47.259	-0.074552
48.4129769	-0.6293617
47.08871	-1.2779
47.26084	-0.07057
47.26256	-2.34074
47.259	-0.074414
47.08733	-1.27857
47.232	-0.29544
47.193235	-0.278894
47.2875748	-0.9841788
47.285185	-2.392391
47.285185	-2.392391
47.29288	-2.510964
47.154986	-1.399623
47.29883	-2.5402
47.26195	-0.071536
47.116	-0.20511
47.37087	-2.21335
48.3065307	-0.6230877
47.39524	-2.49242
47.3276101	-0.6712076
47.339901	-0.233868
47.6198646	-0.19569
47.6047857	-1.3486152
47.195266	-0.267643
47.28272	-2.51058
47.45835	-0.55734
47.260614	-0.077538
48.00604	0.19383
47.30772	-1.82116
48.3789908	-0.0513533
47.27011	-2.44562
47.29801	-2.51629
47.29725	-2.52017
47.228312	0.000221
47.7279007	0.5745916
47.29294	-2.52716
47.32673	-2.43759
47.04253	-1.70322
47.38692	-2.52653
47.2988	0.08798
48.3176476	-0.6005057
47.39417	-2.49633
47.27266	-2.35407
47.39625	-0.315895
47.07081	-0.86975
47.06363	-0.87998
47.342971	-1.53342
47.1592078	-1.1958354
47.6339543	0.2306864
47.3205159	-2.2663389
47.4138185	-0.1746401
47.6345008	0.23095
48.0764028	0.29717099
47.26783	-0.10369
47.19357	-0.11837
47.143967	-1.956726
47.5742758	-2.0464064
47.235158	-0.157335
47.3835201	-0.8592792
48.0043083	0.2119648
48.0374729	0.53379789
47.5589	-1.03821
47.114424	-0.206
47.06286	-0.87759
47.222	0.027108
47.311276	-0.004206
47.38745	-2.30022
47.274	-0.10873
47.404483	-0.9224209
47.248	-0.11284
47.27951	-2.42824
47.26129	-0.071644
47.93648	0.36919
47.47126	-0.55405
47.247601	0.035491
48.3172944	-0.4320503
47.26052	-1.04683
47.32942	-2.42937
47.37789	-2.5461
47.48665	-2.29007
47.1517	-0.39691
47.7951402	-0.2543735
47.27762	-2.48218
47.25962	-0.07396
47.8394462	-0.326907
47.37737	-2.55013
47.0792	-0.54432
47.234	-0.000348
47.06767	-0.87657
47.47503	-1.9051
47.27048	-2.43971
47.10862	-0.4659
47.183522	-0.168372
47.8284592	-0.7158547
47.321	0.024603
48.002258	0.185964
47.27578	-1.99843
47.56434	-0.50917
47.259598	-0.077087
47.155364	-0.030102
47.277	-0.13558
47.5516379	-0.1163042
47.51657	-1.239239
47.31599	-2.37337
47.10975	-1.52314
47.10975	-1.52314
47.48922	-0.60003
47.393	0.039814
47.5323535	0.05767289
47.755858	0.06797
47.07087	-0.72819
47.27736	-2.07751
47.57406	-0.41808
47.331	-0.22612
47.54305	-0.47495
47.670026	-0.2209619
47.706639	-0.0464859
47.7086512	-1.5153933
47.5273699	-0.0780303
47.04713	-0.62939
47.5629359	-1.5171643
48.4542342	-0.8142628
47.54693	-0.24007
47.339131	-1.206224
47.5282	-0.56179
47.6739168	-0.2424288
47.8345872	0.27645776
47.5007737	0.0729494
47.97734	-0.44123
47.25815	-2.34175
47.26856	-2.34759
47.589379	-0.2658189
48.171932	-0.695373
47.0165933	-1.7835871
47.09606	-0.58741
47.393	0.039814
47.23648	-1.98842
48.379089	-0.050613
48.4742061	0.25505018
48.386417	-0.8993152
47.374999	-0.063055
47.610918	-0.1046268
47.2045	-2.09202
47.07357	-0.40903
47.160038	-0.11256
47.5048	-0.45202
48.09953	-0.12019
48.09953	-0.12019
47.169554	-0.9618641
47.75391	0.51756
48.3659253	-0.0977185
48.2800872	-0.094966
47.6202205	-1.4044508
47.28544	-0.52635
47.310917	-0.591277
47.3639865	-1.0139007
47.21649	0.05864
47.5013326	-0.0412163
47.8113192	-0.0717533
47.88135	0.30924
47.7808888	-0.0803364
48.0742086	-0.7606727
47.053	-0.82473
47.261806	-0.067477
48.3077398	0.39931123
47.4674343	-1.7671327
48.122887	0.35192
47.2436316	-1.198417
47.5252182	-1.7659879
47.6851461	-0.8733517
47.694186	-0.0798429
47.4288011	-1.4972237
48.2141469	0.1321894
48.3709526	-0.0253128
47.6980659	-0.6688566
48.342583	-0.062374
48.342583	-0.062374
48.342583	-0.062374
47.3349786	-1.4607938
47.5602169	-0.1085829
47.00575	-1.04287
47.01929	-1.6814
48.48419	-0.296561
47.6895564	-0.0464744
48.18685	0.65461
47.36234	-2.014822
48.376775	0.2458005
47.1873961	-1.0473807
47.18709	-1.04678
47.05267	-1.52618
47.986925	0.2786429
48.1151511	0.76707872
48.0886965	-0.1446708
48.0805916	-0.0419135
48.155577	-0.190541
48.246516	-0.111662
48.071519	-0.116491
47.8861831	0.26302161
47.7685129	-0.1611427
47.3957392	-0.6183321
47.239432	-0.525429
48.0129221	0.10042742
47.5265411	-1.3355222
47.57809	-0.36315
47.9743344	0.2825631
48.328268	-0.124523
47.6857324	0.37811537
47.8379643	-0.6993376
48.0435291	-0.4464635
47.40395	-0.47745
47.2996229	-1.117277
47.344803	-0.7822822
47.8258333	0.0710199
47.70467	-0.0730064
47.0841609	-1.2813906
47.5547673	-0.2398524
47.5425	-0.24931
47.37388	-0.44886
47.7007631	-0.666193
47.1898726	-1.453204
47.2772573	-2.0774183
47.3486353	-1.1493835
47.96239	0.20502
47.11543	-2.10692
48.15117	-0.39622
47.4203657	-1.1912572
47.6827243	-0.5291144
47.6347421	-0.6925725
47.5614537	-1.037385
47.7014139	-0.6694361
47.4443	-0.41427
47.47109	-0.34272
47.3238394	-0.7039401
47.4986816	-0.1597368
48.5420537	-0.2076608
47.044688	-1.185822
47.3424999	-0.7162217
47.3913652	-0.8540114
47.3725585	-0.8254664
47.250778	-0.58346
47.14949	-0.55785
47.6626754	0.46523634
48.134776	-0.322349
48.1984359	-0.4063121
47.686659	0.4125593
47.0841609	-1.2813906
47.2682527	-1.4094343
47.2877078	-1.3414922
48.1394181	-0.301836
48.005303	0.204337
47.4473142	-0.2065682
47.3996113	-0.929511
47.3881765	-0.2576466
47.3871514	-0.2589265
47.3687325	-0.7009077
47.963265	-0.854271
48.3779762	-0.8895709
48.3924885	-0.6176008
48.4530965	-0.4720858
47.999859	0.190414
48.0876069	0.1538798
48.278168	0.2913009
47.95465	0.252429
47.1414518	-1.3812199
47.3412777	-1.4374916
46.9360411	-1.5322408
47.834166	-0.1304549
47.8692273	-0.486445
47.4380469	-0.1339927
48.189858	-0.154397
48.1657423	-0.0960962
47.4014961	-1.5859338
47.7592393	0.650842
47.75933	0.65113299
47.3623735	-1.0289629
47.36702	-1.177864
47.191089	-1.544919
48.0071484	0.19620952
47.760193	0.2825262
47.0638616	-1.9973349
48.2847235	0.0284762
47.2026839	-1.6736533
47.878255	-0.441011
48.230109	0.219759
47.738191	-0.3213867
48.048463	0.067552
47.735599	0.53556
47.95356	-0.21926
47.6316448	0.3444532
47.9024002	-0.2239522
47.922374	0.345093
48.16482	-0.928832
48.167977	-0.892464
47.9980692	-0.8622201
48.440555	-0.0867127
48.246285	-0.280242
48.187532	0.514634
48.1173306	0.17896668
47.95356	-0.21926
48.17677	-0.786656
48.17677	-0.786656
48.012955	-0.958036
47.6638266	-1.9199099
48.020266	-0.576036
48.278816	0.01847
47.724305	0.388539
47.97784	-0.44111
48.274757	-0.281345
47.9301458	-0.6507633
48.001691	-0.925205
47.991966	-0.511795
47.9114224	-0.6928589
47.9114224	-0.6928589
47.461861	-1.280659
48.0805916	-0.0419135
47.547292	-1.25452
47.704134	-0.070211
47.845761	-1.003693
48.026983	-1.0108
47.7111281	-0.0507497
47.970687	-1.122104
47.889306	-0.7136279
47.1222283	-1.3071587
47.7821168	-0.7147024
47.9419309	0.699314
47.84715	0.75927
48.187599	-0.094208
48.4573337	-0.8552104
48.1566129	-0.1838416
48.0863115	-1.0444489
48.1813714	0.0777516
47.950175	0.071066
47.324974	-0.707588
47.32071	-2.43209
48.0982754	-0.353474
47.8045443	-0.3387674
47.632871	0.23162
47.38492	-2.00199
47.948316	0.2585
47.827552	0.075903
48.030131	0.335479
47.892942	0.202743
48.107597	-0.080038
48.139449	-0.114082
48.246516	-0.111662
47.9089912	-0.7101277
47.58012	-0.32737
47.900328	-0.713334
47.329922	-0.732742
47.761556	0.5453327
47.646742	0.15929089
48.4900238	-1.0412684
47.39674	-0.36915
47.4940161	-0.0462868
47.3644	-0.4751
47.3933475	-0.4353925
47.1637138	-1.2120119
47.777025	-1.119575
47.8525779	-0.9505395
47.634434	-0.342944
47.887454	0.26774499
47.3713099	-1.0991431
47.9150409	0.158459
48.3170862	-0.6881338
47.287163	-0.984665
47.300686	-0.595108
47.27554	-2.20813
47.28137	-2.21506
47.2903903	-2.1946418
47.26134	-2.2374
47.2393087	-2.2808647
47.2384043	-2.2829756
48.18336	-0.8937889
47.30654	-1.967691
47.3542073	-0.765454
47.0105026	-1.0565955
47.57052	-0.94033
48.2402416	0.0347986
47.2218336	-1.013474
48.2087262	-0.8646134
48.1772601	-0.8827333
47.7159793	-0.2681457
47.7771437	-0.6432416
48.33005	-0.4068529
48.3274132	-0.8600472
47.350491	-1.1085229
47.831943	0.224148
47.169597	-0.961699
47.1700437	-0.7473825
47.67259	-0.68381
47.95618	0.68012625
47.708864	-0.04196
47.7113359	0.34166
47.887741	-0.205579
47.8152676	0.12082573
47.511619	-1.033991
47.8156589	0.089568
47.342138	-1.17493
47.847397	-0.6880363
47.547873	-1.012859
48.176518	-0.8875945
47.615181	0.05264558
47.27	-0.31695
48.25503	-0.49483
47.23929	-2.02947
47.38161	-2.54645
47.27906	-2.48023
47.29155	-2.51892
47.6861973	-0.8705989
47.28985	-2.50925
47.29633	-2.51382
47.2381771	-1.3521161
47.266776	-0.032353
47.62248	-1.19782
48.2205428	0.13098612
47.2618341	-1.7461216
47.909156	0.21179
47.35218	-2.51727
47.46331	-0.55518
47.64476	0.15742
47.05958	-0.88317
47.37134	-2.35556
47.1871	0.04771
47.42599	-2.45477
47.42602	-2.45476
47.158	-0.024174
47.10027	-0.91485
47.06035	-0.90239
47.28608	-2.40819
47.16758	-0.03891
47.7237442	-1.3803218
47.133943	-0.153014
47.75896	0.400992
48.447233	0.252492
47.38043	-2.5425
47.27388	-2.2112087
47.23177	-2.17323
47.7018555	-1.378394
47.3026774	-0.629438
47.26834	-2.34842
47.903218	-0.3520166
47.585112	-1.6880189
47.725265	-0.041852
47.297481	-1.773578
46.90388	-1.58238
47.7059932	-0.0891878
47.10871	-1.24367
47.34589	-2.50734
47.252699	-0.091983
48.39754	0.08861
47.840089	-0.3230229
47.28926	-2.52831
47.2	-0.2154
47.33153	-2.42167
48.0254188	0.0725915
47.3361043	-1.4942136
47.48682	-2.04808
47.39417	-2.49633
47.12503	-1.58333
47.47103	-0.55501
47.2992588	-1.4756171
47.3205159	-2.2663389
47.8354335	-0.3274108
47.51227	-0.58797
47.28878	-2.51963
47.224488	0.022872
47.224488	0.022872
47.905335	0.245969
47.37606	-2.54909
47.2044407	-1.137624
47.214087	-0.191408
48.07355	-0.76645
47.06044	-0.88291
47.36157	-2.31589
47.35793	-2.50804
47.05691	-1.61036
47.37562	-2.54992
47.25973	-2.33708
47.2533629	-0.8984746
47.2793961	-1.7782069
47.37795	-2.53121
47.29609	-0.09772
47.2390812	-2.2810025
47.392991	-1.5158236
47.700924	-0.069199
48.0064182	0.19846
47.57217	-0.48052
47.2947	-2.52037
47.72032	-1.37815
47.72032	-1.37815
47.258	-0.33492
47.317061	-1.778052
47.22932	-0.83675
47.26699	-2.34131
47.7172927	-1.1784577
47.57713	-0.66255
47.3871514	-0.2589265
47.311	-0.15793
47.322	-0.18898
47.27762	-2.48218
47.2823432	-2.2376646
47.34276	-2.08069
47.26	-0.07393
47.26535	-2.34434
47.37509	-2.54224
47.5832804	0.0860155
48.3516699	-0.0870754
47.155	-0.27523
46.9951	-0.90276
47.317196	-1.349512
47.274	-0.068624
47.257057	-0.06963
47.3192758	-1.7943788
47.31152	-2.2611
47.25923	-0.075216
47.29294	-2.50932
47.20796	-0.19868
47.258	-0.071428
48.3052748	-0.6183945
48.3473145	0.3705135
47.06801	-0.63561
48.284645	0.01070072
48.284645	0.01070072
47.27916	-2.48581
47.5501041	-0.1154597
48.028397	0.75606
47.10975	-1.52314
47.23333	-2.17244
47.11574	-0.36905
47.44022	-2.15435
48.2151039	0.13342722
47.8088206	-0.960124
48.3026257	0.26772243
48.37108	0.2835931
46.99859	-0.75744
47.1482441	-0.6744839
48.004489	-0.938711
48.3394237	-0.2812109
47.17821	-0.52907
47.44443	-0.67951
47.356812	-0.448924
47.02862	-0.83656
47.02286	-0.81574
47.6499272	0.13284369
47.3470079	-1.5599792
47.7533306	-1.2929812
47.4637621	-0.2390428
47.6354223	-0.1795328
47.14767	-1.88707
48.002252	-0.658474
47.504605	-0.292328
47.5650014	-1.8890523
47.0631	-0.94015
47.4536925	0.06766565
47.505429	-0.082751
47.11658	-0.87654
48.328268	-0.124523
47.393	0.039814
48.1887235	0.2803873
47.869427	0.62948
47.5876267	0.16978935
47.6708423	0.27027328
47.72389	-1.3224
47.5725037	-0.2274355
47.555995	-1.20796
48.2852194	0.00194285
48.2641	-0.49487
47.89834	0.32157
48.16993	0.20732
47.56659	-1.30281
47.40034	-0.65235
48.253948	0.028264
47.2009264	-0.9109517
47.997267	-0.715603
47.2235968	-1.5525932
47.21649	0.05864
47.9286839	0.149203
47.8553659	-0.0270969
47.7597376	-0.5923654
48.0570822	0.65727926
47.28571	-2.50958
47.833326	0.756498
47.122	-0.23702
47.28687	-2.51216
47.32803	-2.43002
47.2676	-2.34773
47.30067	-2.52039
48.3601781	-0.077245
48.0805916	-0.0419135
47.2815552	-1.5887896
47.12337	-1.58428
48.0329282	0.5992282
47.694186	-0.0798429
48.391295	-0.6162861
48.092067	-0.211494
48.3066558	-0.3122043
48.1423261	0.67532699
48.05721	0.08698
48.16022	-0.198862
48.1293453	0.50903138
48.2254258	0.13453684
47.2980758	-1.4758424
47.719947	0.143975
47.9628258	-0.2280904
47.3229439	-0.6351426
47.3589224	-1.0794951
47.3644001	-0.8610851
47.602249	-0.184391
47.3916037	-0.9093114
47.4594572	-0.7985246
47.7815198	0.52229566
47.78256	0.42702
47.7947274	0.4106785
47.6857324	0.37811537
47.7915717	0.43895566
48.223009	-0.87002
47.4364309	-0.1618931
47.3526939	-0.6514685
47.3004346	-0.6321407
47.5216666	-1.4025
47.8337018	0.29466063
48.1847136	-0.0725079
48.2586675	-0.0997851
47.382748	-0.796834
48.1508867	-0.4123872
47.7011607	-0.067675
48.0096025	0.1977815
48.076935	0.300514
48.4455703	-0.865024
47.281733	-1.897759
47.26936	-1.34532
48.4322742	-1.0142855
47.699023	-0.073459
48.36433	-0.108074
47.3050626	-1.0630103
47.335852	-1.1830119
47.5590336	-1.0418829
47.39558	-0.40251
47.6186532	-0.8910662
47.293971	-0.592428
47.5034336	-0.9131151
47.2371461	-0.4988355
47.38761	-0.86418
47.792267	0.412685
47.6833707	0.40545689
47.142877	-0.698469
47.08634	-0.56042
47.15787	-0.44772
47.122816	-1.307455
47.8277377	0.27715514
48.293785	-0.480934
48.0979662	-0.3489655
48.0838399	-0.3658281
48.097448	-0.350416
47.39872	-0.36864
48.15592	-0.40468
48.2435862	-0.440428
48.25952	-0.29605
47.0905	-1.286392
47.3749172	-0.6797459
47.8647186	0.21082209
47.10975	-1.52314
47.467029	-1.825485
48.0032262	0.1879849
48.3918873	-0.6171421
47.460498	-0.274303
48.3937917	-1.0368141
48.00577	-0.66918
47.9658415	-1.0484496
48.4238251	-0.8443712
48.4421399	-1.0234366
47.9976871	0.2467321
47.7109998	0.01084666
46.9530964	-1.4252438
48.2022404	-0.5210961
47.3412777	-1.4374916
47.4179458	-1.5388778
47.8620804	-0.4742221
47.4696509	0.16395387
47.14495	-0.37848
47.09167	-0.44958
47.3711003	-1.9705177
47.36816	-0.702868
47.353119	-0.761944
47.191089	-1.544917
47.9277929	-0.3455071
48.123635	-0.8177359
47.6743455	-0.2030298
47.8896962	-0.2337616
47.7714906	0.0242527
48.2620099	-0.4891299
47.7379168	-0.3216871
47.4484767	-2.2367273
48.039021	-0.889589
47.960454	-0.27214
47.9930605	-0.8864112
48.397368	-0.1030809
48.2376476	0.0510803
47.7744691	0.5095893
47.956637	0.60385
47.8404856	-0.3334184
48.371912	-0.125282
48.0814	0.31845
48.2362384	-0.6538597
48.244199	-0.734676
47.988724	0.750758
47.86493	-0.665292
48.246516	-0.111662
48.0157803	0.1609266
48.16022	-0.198862
48.16022	-0.198862
47.396412	-1.024799
48.0643041	-0.7947662
48.29645	-0.68114
47.9354162	-1.02603
47.9180895	-1.0070086
47.908163	-1.142248
47.8650303	-1.0559143
47.900263	0.564783
48.336036	-0.402158
47.742875	0.368126
47.892138	-0.0512441
48.060448	-0.859093
48.040791	0.48151
48.1290843	0.71528111
47.643323	0.242014
48.0782611	0.22350741
47.925005	0.234473
48.0273038	0.1136798
48.2015072	0.25391638
48.2225486	-0.3975626
48.2015652	-0.7111156
47.1527342	-1.4114283
47.6782135	-0.9715045
47.9442732	0.3787522
47.3609348	-0.6571643
47.8479756	-0.7188128
47.4239483	0.1562008
47.880783	-1.0130629
48.1045129	0.34016638
47.761556	0.5453327
47.646742	0.15929089
47.760154	0.28143646
47.8353636	0.74713689
47.9630269	-0.2332617
47.382213	-0.348567
47.4939581	-0.0463941
47.37096	-0.48409
47.2878638	-1.166211
47.5389488	-0.1737369
47.5254985	-0.2479405
47.8525779	-0.9505395
47.8525779	-0.9505395
47.9618759	-0.2271004
47.9150409	0.158459
47.3343956	-1.0570093
47.35579	-0.44977
47.799382	0.40725
47.2688239	-0.4554619
48.4556491	-0.2263452
48.2810923	-0.9155206
47.7023082	0.07439099
47.371628	-0.884274
47.2720352	-2.2141202
47.2917651	-2.1960301
47.4206826	-2.2392401
47.2648644	-2.2259825
47.1867759	-1.81168
47.291429	-1.876729
47.97529	0.460595
47.36234	-2.01482
47.35988	-1.86319
48.0848	-0.3929
47.18152	-0.77433
47.760143	0.521525
47.539259	-0.851572
47.114658	-1.007904
47.76013	-0.149829
47.8758495	-0.706258
47.445062	0.512477
48.29726	-0.85694
47.4972358	-0.8046908
47.944722	0.453438
47.3505444	-1.1086298
48.0077935	-0.4401126
47.7113359	0.34166
47.9930329	-0.029307
48.0229477	-0.2876528
47.1070041	-1.0574918
47.641014	-0.695145
47.7184017	-0.2596849
47.7575432	-0.1321887
47.8143751	0.0699512
47.30028	-2.53042
47.3438	-2.50659
47.19558	-0.061523
47.39718	-0.63524
47.3208	-0.186684
47.7440658	0.05709353
47.2984	-2.51617
47.26067	-2.43599
47.26067	-2.43599
47.52445	-0.52556
47.27925	-2.43219
47.829104	-0.703206
47.34398	-2.50587
47.7195362	-0.1039992
47.54294	-0.10216
47.26173	-2.42045
48.2819895	0.01579274
47.0278	-1.64992
47.64034	0.14792
47.28651	-2.51329
47.29471	-2.51335
47.1172	-0.36644
48.28074	0.01966
47.34842	-0.21967
47.188073	-0.260431
47.46046	-0.53742
47.32399	-0.190884
47.27571	-2.42933
47.3529036	-0.7602641
47.06294	-0.88208
47.225009	-1.367195
47.154459	-0.018511
47.4315419	-1.8174414
47.26072	-0.069985
47.4822235	-0.235277
47.215	0.063937
47.51067	-2.03961
47.37667	-2.55003
47.2415374	-2.2680221
47.07015	-0.87294
47.4704	-0.55424
47.0999036	-1.1292441
47.24976	-2.05272
47.1977	-0.11703
47.6400885	-0.3606678
48.240147	0.034904
47.300869	-1.7244327
47.28794	-2.52672
47.28524	-2.03646
47.353634	-0.23103
47.40069	-2.30848
48.0056074	0.1950411
47.44019	-2.32417
47.4014651	-1.5341044
47.4649	-2.27814
47.197934	-0.275232
47.2799	-2.43091
47.12503	-1.58333
47.18201	0.05023
47.37795	-2.54254
47.1671164	-1.2030808
47.34728	-2.49225
47.34748	-2.4919
47.24875	-1.43072
47.5183	-1.95188
47.68626	-0.87074
47.235	-0.002264
47.28292	-2.50744
47.318403	-0.148665
47.344252	0.058734
47.441094	-2.264726
47.143967	-1.956726
48.02106	-0.58116
47.131026	-0.154496
47.3418	-0.02987
47.40422	-2.48658
47.0574	-0.88454
47.247	-0.27578
47.1711065	-2.1365875
47.216	0.057696
47.121	-0.79391
47.06286	-0.87759
47.216384	0.051812
47.13484	-0.11176
47.224626	0.013588
47.796941	-1.055981
47.338041	-1.519462
48.3529849	0.37425197
47.294631	-0.114441
47.35014	-2.51526
47.37407	-2.53895
47.6379512	-1.8075819
47.236	0.051321
47.26391	-2.3441
47.26002	-2.33637
47.37736	-2.53349
47.650571	-0.137361
47.29077	-2.37037
47.241	-0.37219
47.48663	-2.29003
48.3693584	0.39806344
47.39718	-0.63524
47.353246	-2.174457
47.55391	-0.43613
47.239093	-0.015092
47.4734392	-0.9676792
47.28907	-2.51384
48.0751182	-0.7594471
47.813986	-0.0852429
47.1241	-0.64555
47.566251	-1.626214
47.8328414	-0.7282438
47.99757	0.19428
47.35764	-2.4969
48.4173341	-0.6501946
47.3181531	-0.6552693
47.4751	-1.90476
48.0386324	0.5865708
47.28954	-2.36534
47.22681	-2.17277
47.664876	0.474944
47.241861	-0.314042
47.37981	-2.54838
47.18616	-0.3766
47.306499	-0.335708
47.51657	-1.239239
47.51657	-1.239239
48.1306832	-0.8920773
47.43265	-0.56227
47.8479629	-0.7188235
47.438064	-0.1340277
48.097	-0.734796
48.4138545	-0.9597295
47.6690623	-0.242576
47.42684	-2.41824
47.36905	-2.33971
48.0323223	-0.7170177
47.4674585	-1.6923627
47.991475	-0.934176
46.99855	-0.89787
48.3552476	-0.7278512
47.450717	-0.1137559
47.293	-0.18249
48.25028	-0.49956
47.334574	-0.224699
47.6413	0.119554
47.0176	-0.90972
47.6354223	-0.1795328
47.290617	-1.1106789
48.1391609	-0.7661208
47.60029	-0.59811
47.48277	-2.17629
47.7071294	-1.3640757
47.291222	-0.330984
48.3526716	-0.4977586
47.4163674	-1.0961983
47.07	-0.77676
47.20117	-0.96398
47.7669	-0.391113
48.368496	0.39752699
47.44203	-0.61285
47.6707538	0.2703162
47.7678905	0.6625095
47.8572	-0.70708
47.65265	0.2304
48.23265	-0.62654
47.816	-0.7312
47.91353	0.40934
47.71175	0.49976
47.28544	-0.52635
47.28936	-2.0400915
48.0453509	0.300878
47.3717798	-1.018978
48.0591401	0.73643118
47.28136	-2.50543
47.02743	-0.99399
47.4836816	-0.1864224
47.26759	-2.34746
47.42619	-2.44828
47.24477	-2.31497
47.650009	-0.698495
48.0096958	-0.7765031
48.354562	-0.0780268
48.342583	-0.062374
47.3352471	-1.4608681
48.1380895	0.79692974
47.68522	-0.87332
48.1233046	-0.916508
47.2082021	-0.2004107
48.182818	-0.127533
47.694186	-0.0798429
47.2781044	-1.7778888
48.326429	-0.4057109
48.1006121	0.74412162
46.9710103	-1.5517246
47.98967	0.24862
48.16022	-0.198862
48.051992	-0.089209
48.0774891	0.06498619
48.2511158	-0.1872454
47.10031	-1.49189
47.762089	-0.6159052
47.6850169	-0.3662627
47.365378	-1.118788
47.365257	-1.120438
48.355478	-0.114329
47.6505746	0.34777794
48.187452	0.162783
47.7915933	0.43891274
47.38937	-0.35604
47.311117	-0.7098939
47.9410744	0.3041902
47.9922139	-0.0585532
47.824248	0.3677582
48.030464	0.64950598
47.3491624	-0.7354901
48.0158867	0.23245569
47.5628638	-0.9872043
47.1603332	-1.3696743
47.4288011	-1.4972237
48.3514984	0.3715792
47.726323	0.011925
47.875541	0.480093
47.2720415	-2.2140626
47.15813	-2.09762
47.1007585	-1.3469082
47.699023	-0.073459
48.362859	-0.008135
47.300608	-1.0806588
47.338514	-1.2258606
47.6881497	-0.68859
47.7036986	-0.8766772
47.7205595	-0.7648422
47.720481	-0.8402919
47.266515	-0.4679753
47.692718	-0.8862
47.50482	-0.41679
47.4987927	-0.159875
47.7068839	-0.9136321
47.238831	-0.499559
47.16824	-0.51034
47.1670196	-0.6604683
47.175132	-0.799635
47.2596959	-0.6524321
47.850307	0.51224152
47.9677297	-0.3864774
47.293553	-1.078763
47.21853	-0.45257
47.335835	-1.463918
47.433856	-1.711019
47.4792195	-1.5167861
47.9434	-0.3641
48.3918873	-0.6171421
47.4585002	-0.2699893
47.14011	-1.673827
47.349677	-1.2786801
47.4015423	-0.9234461
48.257727	-0.631223
48.4064585	-0.7278236
48.43577	-1.01746
46.99022	-1.61498
48.1580093	-0.5315813
47.7803433	0.4177409
47.4177953	-1.5376745
47.7073322	-0.4862516
47.7379977	-0.4611952
47.448914	-0.282248
48.2817338	-0.1802578
47.1159226	-1.7625293
47.363269	-1.0188621
47.329239	-0.993317
47.1905789	-1.5449792
48.0085795	0.1983766
47.144117	-1.686917
47.28327	-2.2056
47.28327	-2.2056
47.1409416	-1.3526277
47.841908	-0.197397
48.009123	-0.746542
47.981101	0.325889
47.7820589	-0.08202
47.8260683	-0.1452633
48.0605286	-0.3257616
47.7379024	-0.3216227
47.8955473	-0.2485215
47.384095	-1.3450595
47.13464	-1.5882
48.166637	-0.788991
48.024825	0.0737469
47.9799875	-0.1692816
48.015367	0.69453099
47.6273098	-1.2710658
47.993785	-0.901135
48.3815709	-0.0589108
47.756014	-0.179784
48.2635166	-0.2388
47.637475	0.241157
47.468119	-1.769991
48.1618785	0.198997
47.3482345	-1.3058861
47.890201	-0.6943919
48.1089191	0.74922594
46.922332	-1.629795
48.213118	-0.909445
48.04625	0.417
48.0137053	0.2313641
47.8308931	-0.9878094
48.409773	-0.289507
47.8187087	-0.932704
47.9180895	-1.0070086
47.8426827	-0.6742179
47.836351	-0.748477
47.8305882	-0.9857021
48.040806	0.282874
47.775799	-0.674367
47.944108	0.05946399
47.913625	0.093298
47.210114	-1.496572
47.7260205	0.37910693
48.4161568	-0.7888266
47.950175	0.071066
47.6504769	0.22984283
47.7832897	-1.3510957
47.8841087	-0.2224151
47.892942	0.202743
48.014183	0.27354
47.7277117	0.5751739
48.079021	0.221941
47.769143	-0.059422
48.039029	0.211621
48.346206	-0.078487
48.2225812	-0.3975478
47.15285	-1.41121
47.356829	-1.314019
47.36061	-0.46921
47.900328	-0.713334
47.6160421	-0.009161
47.424057	0.155034
47.275458	-1.792104
47.84588	-0.417628
47.9630269	-0.2332617
47.36097	-0.45014
47.341991	-0.692828
47.4749829	-1.2444649
47.2123333	-0.4588603
47.212421	-0.459101
47.48034	-0.33973
47.993886	-0.314858
47.7759069	-0.676752
47.9203327	-0.681839
47.77529	-0.674071
47.430473	-1.070308
48.018	0.27891199
47.6459675	-0.2454287
47.806181	0.10832185
48.109717	0.081728
47.7115174	0.397354
47.3557572	-0.4497541
47.39767	-0.30872
47.17865	-0.43436
47.5027369	-0.0801323
47.378204	-0.477247
47.755577	0.1326316
47.2394432	-2.2802649
47.2410052	-1.5587265
48.225896	0.428607
47.29956	-2.51881
47.3909873	-0.9284769
48.28194	-0.180733
48.4930198	-0.2613543
47.7165429	-0.6364309
47.7779276	-1.1711773
47.586491	-0.733598
47.142895	-0.748887
47.605904	-1.1708069
48.0062779	0.48681399
47.608732	-1.0325733
47.9747755	-0.9159601
47.8421815	0.57054192
47.07156	-1.05876
47.8443388	-0.5001071
47.668291	-0.718382
47.668291	-0.718382
47.668291	-0.718382
47.9561297	0.67987949
47.7254043	0.29579872
47.91629	-0.21977
47.899279	0.228831
47.015868	-1.035346
47.8738982	0.62910988
47.2071795	-0.9303204
47.8123627	-0.5170277
47.7748983	-0.8962754
48.2802002	-0.0952013
47.6670275	-0.9640696
47.84247	-0.701558
48.3581181	-0.6013199
47.2623	-2.42259
48.4018039	-0.6290657
47.40833	-2.17047
47.29303	-2.51445
47.7495068	-0.6416152
47.6861973	-0.8705989
47.26067	-2.43599
47.3691244	-2.0234844
47.4134095	-1.6705346
47.33944	-2.42915
47.842269	-0.817637
47.32847	-2.42624
47.28842	-2.51927
47.47942	-0.56558
47.05998	-0.88233
47.26816	-2.34788
48.0737955	-0.7654629
47.32715	-2.42962
47.06226	-0.87786
47.28659	-2.38787
48.2540332	0.04496915
48.2839793	0.01928916
47.9288449	-0.0185183
47.8882075	0.20625502
47.7641819	-0.3229644
47.36824	-2.04632
47.37646	-2.54827
47.34739	-2.50964
47.481882	-2.159991
47.379696	-2.546722
47.29288	-2.510964
47.29547	-2.43437
47.11551	-0.20509
47.264	-0.071848
47.222503	-0.065088
47.26788	-2.3475
47.13786	-0.5285
47.354502	-0.256959
47.5312874	-0.1195931
48.16333	-0.9715
47.196326	-0.117768
47.5392439	-0.1026932
47.47181	-0.54919
47.36678	-2.34184
47.27764	-2.47942
47.26791	-2.42579
47.46822	-0.55431
47.39994	-2.31794
48.0056074	0.1950411
47.28437	-2.51245
47.2845	-2.5119
47.47989	-0.41614
47.22458	-0.06657
47.329	-0.19864
47.3616516	-1.6221973
47.40973	-2.48268
47.8508076	-0.3258161
47.12723	-0.46292
48.4597427	-0.2005119
48.3447389	0.37165166
48.303359	-0.621609
47.131026	-0.154496
47.131026	-0.154496
47.150314	-0.7428322
47.360848	-1.610311
47.4134	-2.47475
47.1210215	-0.9974025
47.263939	-0.6442849
47.130423	-0.154994
47.9572531	0.1639605
47.8187402	-1.0621568
47.311085	-0.004048
47.218415	-0.173604
47.0794	-0.54482
47.6988449	-0.074405
47.294955	-0.094842
48.3522514	0.37258695
47.311276	-0.004206
48.076033	-0.7762121
48.076033	-0.7762121
47.7037912	-0.9513773
47.07599	-0.88371
47.13634	-0.88833
47.72032	-1.37815
47.3373465	-1.2630111
47.52747	-0.52971
47.0964409	-1.2768288
47.5738724	-0.3549678
47.240317	-0.020573
47.98259	0.27943
47.8542557	-0.3039649
47.2099128	-1.5701665
47.40564	-2.41081
47.38061	-2.54417
47.27762	-2.48218
47.39353	-2.45239
47.7227419	-0.100979
47.26678	-2.43042
47.42859	-2.10369
47.714211	-1.130258
47.26313	-2.41915
47.25285	-0.10451
47.28462	-2.38075
47.47402	-0.56087
48.11036	-0.97204
47.28416	0.05322
47.273985	-0.068624
47.12085	-0.78928
48.3527781	0.35878098
47.27943	-2.42409
47.25951	-0.0834
47.42062	-0.36017
47.46976	-0.55656
47.299873	-0.6318771
47.200566	-0.156816
47.135	-0.11116
48.0239178	-0.875968
47.1424829	-0.7000986
47.834801	-0.335964
47.10975	-1.52314
47.264	-0.060842
47.02839	-0.78561
47.5495394	-0.1090654
47.41827	-2.30494
47.8146436	0.07059846
47.755858	0.06797
47.27496	-2.42686
47.4975371	-0.034554
48.030439	-0.716613
47.273985	-0.068624
47.437526	-1.4398899
48.4171826	-0.5255083
47.5526241	-0.0391349
47.07197	-0.81948
48.094077	-0.7497509
47.370925	-0.651883
47.329363	-1.907077
47.6064266	-0.5196902
47.6354223	-0.1795328
47.1020613	-1.3232026
47.01195	-0.92657
47.6815762	-0.7734466
48.041754	0.684105
47.3776762	-1.1491852
47.6361141	-0.4238667
47.12826	-0.79896
47.2794964	-0.6454483
47.6791953	-1.7434255
47.7445134	-1.2900501
47.393	0.039814
46.97713	-0.89124
47.9823825	-0.856224
47.56389	0.17187
48.377625	0.391573
47.9234523	-0.9882779
47.414846	-1.0882685
47.5361699	0.01132353
47.50499	-0.45236
47.6046444	0.08563813
48.2495192	0.08179793
47.6709361	0.27023792
47.53897	-0.23489
48.0314754	-0.9464901
47.6202204	-1.4044507
47.2596959	-0.6524321
47.242008	-0.263829
47.28089	-2.36852
47.4387296	-1.4946946
47.5311075	0.1358279
47.9392749	0.4193207
48.02961	0.2804191
48.1594082	0.20259702
47.193	-0.060376
47.4466654	-0.1608111
47.2181182	-1.5460242
47.38006	-0.57534
47.06872	-0.9886
47.3229566	-2.1963494
47.950346	-0.72048
47.6843772	-0.8710313
48.342583	-0.062374
47.8155711	-0.7083161
48.3528907	0.37426249
48.193763	-0.061563
48.221699	0.13104269
48.105561	0.586784
47.813936	-0.086743
48.1032092	0.7902101
48.1093908	0.35268271
47.05386	-1.73022
47.637978	-1.807576
47.210107	-0.727409
48.2377374	0.48814524
47.276451	-1.78059
47.734376	-0.234684
48.060586	-0.081397
48.4020517	-0.197068
48.156336	0.032637
48.10922	0.74909719
48.052988	0.072003
47.89045	-0.6957
47.4737114	0.1566199
48.0686954	0.1176336
47.3279671	-0.629037
47.39355	-0.37288
47.8216603	-0.1775614
47.4553075	-1.3923615
47.3723112	-0.696163
47.342087	-1.164507
48.112619	0.52239398
48.318395	-0.0300546
48.328268	-0.124523
48.2846213	0.0107663
47.8426858	-0.3434902
47.267872	-0.825234
47.857951	-0.058635
47.594	0.132
47.79174	0.32988999
47.705334	-0.0801191
47.51463	-0.21097
47.2005568	-0.963141
47.830823	-1.023441
47.945049	0.260631
48.1698589	0.70554709
47.3588347	-0.433206
47.356497	-0.448862
47.8437355	-0.1986069
47.03113	-1.58628
47.11149	-1.6048
47.3397878	-1.1699182
47.424544	-1.5270564
47.4026031	-0.9211556
47.9200761	0.20889889
47.2091208	-1.5790876
47.213119	-1.5455317
47.26484	-2.22598
47.25928	-2.22549
47.06973	-2.01892
46.962759	-1.754116
47.2694058	-1.3453551
47.6508075	-0.6467088
47.2699	-0.455289
47.2628163	-0.4679966
47.666557	-0.816022
47.7068669	-0.9098704
47.17828	-0.52945
48.5495558	-0.2512088
48.5073336	-0.2973266
47.0504438	-1.1847361
47.4959149	-1.4206601
47.267872	-0.825234
47.211273	-0.595419
47.126979	-1.236963
48.082451	-0.491747
48.220525	-0.1654809
48.121025	-0.471704
48.10794	-0.461625
48.1001368	-0.3493194
47.39353	-0.43635
47.603108	-0.68682
48.15456	-0.40198
48.1791241	-0.3558327
48.1342106	-0.4619044
48.1053167	-0.3472854
48.157326	-0.52107
47.877592	0.2187358
48.1402894	-0.5525909
47.4740364	-1.8609413
48.003537	0.1938144
48.0062583	0.2082255
47.6045629	-0.6829158
47.0834352	-1.2965505
47.37718	-0.723564
47.4054697	-0.2659358
47.9596831	-0.4987447
47.9497998	0.2581582
47.3034508	-1.3407394
46.9530964	-1.4252438
47.3412577	-1.4375076
47.3563339	-1.261559
47.42588	-0.34207
47.5087941	0.1910767
47.11719	-0.36347
47.6918141	0.56798846
47.8339697	0.74853469
48.0007	0.2164
47.8732839	-0.0947531
47.191089	-1.5448
48.1331341	-0.5552958
47.973713	0.229692
47.961768	-0.0693609
48.1035	-0.68178
48.200507	0.253427
48.0005065	0.0462783
47.10926	-1.5246
48.116699	-0.916667
47.961768	-0.069361
48.0029	0.008972
47.7521227	0.4496867
48.33142	-0.42313
48.30575	0.02999599
48.2464982	-0.2801558
47.1875251	-1.4062715
47.9471652	-0.9237908
47.0812104	-1.2617
48.376739	0.248163
47.980292	-0.051748
47.8869547	-0.9502985
47.6925463	0.56836202
48.008291	-0.395751
48.139449	-0.114082
48.038012	-0.0824059
47.966379	-0.497997
47.9652757	-0.1431653
47.695863	-1.643723
47.696362	-1.64398
48.288991	-0.569143
47.4794576	-1.5172313
48.064388	-0.737984
48.325747	-1.0068569
48.3704879	-0.7099829
48.366277	-0.638689
48.343302	-0.829509
48.2040862	0.68108336
48.0153211	0.4895529
48.459169	-0.961931
48.182657	-0.6109169
48.0439813	0.189687
47.7660538	0.40245632
48.168103	-0.033433
47.2385088	-2.2798245
48.04051	-0.025445
47.9644235	-0.2327102
47.776333	0.621449
48.060586	-0.081397
47.3363669	-1.2615467
47.4027016	-0.9211661
47.9479789	0.7468192
48.4452	-1.034136
47.780156	0.545887
47.761556	0.5453327
47.6172329	0.1628212
47.990054	0.48358299
47.9630269	-0.2331974
47.40006	-0.35492
47.4369685	-0.9388624
47.3712405	-0.4846073
47.5385723	-0.1742305
48.2011512	-0.4346254
47.3502518	-0.7623447
48.345049	-0.280805
48.450556	-0.7087833
47.5881981	-1.6039052
47.5605748	-0.2416473
47.706634	-0.0464506
47.9150409	0.158459
47.65148	-0.4453026
47.646488	-0.246051
47.155882	-1.0882675
47.6589018	-0.8361668
47.2688239	-0.4554619
47.8310197	-0.3321937
47.1454948	-1.0654232
47.6281626	0.05627949
48.3574461	0.37238328
48.2810923	-0.9155206
47.31713	-2.31023
47.32354	-2.31795
47.2724447	-2.2002211
47.9987479	0.2438438
